movie_id,title,release_date,popularity,vote_average,primary_genre
1339713,Obsession,2026-05-13,537.8965,8.116,Horror
1202033,Enola Holmes 3,2026-06-30,11.3265,7.4,Mystery
1314481,The Devil Wears Prada 2,2026-04-29,184.78,6.774,Comedy
1315772,Minions & Monsters,2026-06-24,121.1199,6.7,Adventure
1081003,Supergirl,2026-06-24,293.663,6.2,Action
1108427,Moana,2026-07-08,31.7738,0.0,Family
1084244,Toy Story 5,2026-06-17,545.3583,7.425,Animation
1083381,Backrooms,2026-05-27,489.1657,6.8,Horror
1279493,The Get Out,2026-06-18,21.6735,7.0,Action
1368337,The Odyssey,2026-07-15,48.4723,0.0,Adventure
1413976,Citizen Vigilante,2026-06-19,213.5258,6.726,Thriller
969681,Spider-Man: Brand New Day,2026-07-29,77.2401,0.0,Science Fiction
1301421,The Sheep Detectives,2026-04-30,262.8757,7.753,Adventure
1397385,Little Brother,2026-06-18,139.6574,6.226,Comedy
1340206,Tuner,2026-05-21,62.3105,7.179,Crime
936075,Michael,2026-04-22,289.8043,8.707,Music
1284465,The Death of Robin Hood,2026-06-18,36.6287,6.7,Adventure
1212763,Evil Dead Burn,2026-07-08,24.0385,0.0,Horror
454639,Masters of the Universe,2026-06-03,92.5579,7.056,Action
950028,The Invite,2026-06-25,18.7729,7.333,Drama
1275779,Disclosure Day,2026-06-10,634.6553,6.686,Science Fiction
687163,Project Hail Mary,2026-03-15,126.0115,8.7,Science Fiction
1273221,Scary Movie,2026-06-03,459.7264,5.472,Comedy
1317288,Marty Supreme,2025-12-19,15.789,7.382,Drama
1325734,The Drama,2026-04-01,38.1235,6.945,Romance
1226863,The Super Mario Galaxy Movie,2026-04-01,167.3527,8.2,Family
931285,Mortal Kombat II,2026-05-06,219.0039,7.988,Action
1564614,Leviticus,2026-06-17,26.4194,7.0,Horror
1122573,In the Grey,2026-05-13,88.175,6.647,Action
1228710,The Mandalorian and Grogu,2026-05-20,151.4842,6.681,Action
614945,Voicemails for Isabelle,2026-06-20,142.7816,8.336,Romance
1318413,Pressure,2026-05-25,40.1044,7.602,Thriller
1171145,Crime 101,2026-02-11,41.918,7.004,Crime
1227877,I Love Boosters,2026-05-21,28.3307,6.0,Comedy
1339588,Finding Emily,2026-05-21,10.6865,6.7,Romance
83533,Avatar: Fire and Ash,2025-12-17,138.0622,7.609,Science Fiction
1327819,Hoppers,2026-03-04,92.8659,8.191,Adventure
1431804,40 Dates and 40 Nights,2026-06-16,6.3713,5.0,Comedy
1127384,Deep Water,2026-04-30,326.3701,6.146,Horror
1280738,The Furious,2026-06-10,129.8094,7.717,Action
1127384,Deep Water,2026-04-30,326.3701,6.146,Horror
880067,Strung,2026-06-18,20.0741,7.828,Mystery
1382832,HUNGRY,2026-06-03,21.6939,7.061,Thriller
1674087,Bang My Box: The Robin Byrd Story,2026-06-09,1.0958,0.0,Documentary
1284016,Power Ballad,2026-05-18,24.9961,7.1,Comedy
1020047,In the Hand of Dante,2026-06-12,29.9109,5.4,Drama
1308767,Young Washington,2026-07-03,10.1207,1.0,Action
1329471,Carolina Caroline,2026-06-05,17.1992,6.9,Crime
1305781,Blades of the Guardians,2026-02-17,33.2646,6.967,Action
1292695,They Will Kill You,2026-03-25,30.0949,7.007,Action
1430077,Hokum,2026-04-29,71.4465,6.883,Horror
1159559,Scream 7,2026-02-25,40.5208,6.184,Horror
1266127,Ready or Not: Here I Come,2026-03-19,27.998,7.691,Thriller
1515729,Blast,2026-05-28,132.2005,6.885,Drama
1242265,Fuze,2026-03-23,14.1328,6.383,Action
1493123,Killhouse,2026-04-23,14.984,6.4,War
980431,Avatar Aang: The Last Airbender,2026-10-09,133.3689,0.0,Action
1390300,Over Your Dead Body,2026-03-14,37.5451,6.505,Action
1375646,Colony,2026-05-21,38.5294,7.0,Action
1383731,Protector,2026-02-20,24.082,8.549,Action
1287141,Pillion,2025-11-28,12.4743,6.397,Romance
1290821,Shelter,2026-01-28,48.9093,7.692,Action
1300926,The Angry Birds Movie 3,2026-12-23,12.0776,0.0,Animation
1159831,The Bride!,2026-03-04,17.6249,6.15,Science Fiction
1662958,Louis C.K.: Ridiculous,2026-06-30,4.6355,0.0,Comedy
1439930,The Punisher: One Last Kill,2026-05-12,106.4419,8.342,Action
1612018,Jackass: Best and Last,2026-06-25,20.6611,6.4,Action
1263012,Dead Man's Wire,2026-01-09,7.4643,6.5,Crime
1718699,Not Alone,2027-04-15,23.905,0.0,Animation
1193550,California Schemin',2026-04-10,4.065,6.0,Music
1169516,Welcome to the Jungle,2026-06-25,590.6272,5.5,Action
1493400,Camp Rock 3,2026-08-13,1.6943,0.0,Music
1440050,The Breadwinner,2026-05-29,6.293,6.4,Comedy
1477317,Your Fault: London,2026-06-17,110.681,7.557,Romance
1711175,Summerween,2026-06-26,3.9506,1.0,Horror
1463681,Southern Scares,2026-01-10,43.7597,3.5,Horror
1465063,Forgotten Island,2026-09-16,9.1933,0.0,Adventure
1245859,Savage House,2026-06-05,11.3246,6.625,Drama
1302904,Practical Magic 2,2026-09-09,4.7352,0.0,Fantasy
1363974,That Time I Got Reincarnated as a Slime the Movie: Tears of the Azure Sea,2026-02-27,8.0401,6.6,Animation
1700944,"Love, Ngo",2026-06-03,4.3702,9.0,Comedy
1368314,Passenger,2026-05-20,13.8118,6.2,Horror
467905,How to Make a Killing,2026-02-16,18.0665,6.973,Comedy
1480387,undertone,2026-03-12,47.211,6.122,Horror
840464,Greenland 2: Migration,2026-01-07,50.8533,6.427,Adventure
425274,Now You See Me: Now You Don't,2025-11-12,25.3735,6.492,Crime
1304313,Lee Cronin's The Mummy,2026-04-15,121.3365,8.0,Horror
1398050,Driver's Ed,2025-09-13,55.2483,7.0,Comedy
1688652,Gary,2026-05-05,9.5463,6.474,Drama
1242332,Normal,2026-04-16,17.4389,6.446,Action
1116201,Iron Lung,2026-01-30,18.8075,6.969,Horror
1145899,Marsupilami,2026-02-04,9.1859,6.31,Adventure
1061474,Superman,2025-07-09,42.8199,7.338,Science Fiction
1305781,Blades of the Guardians,2026-02-17,33.2646,6.967,Action
1198994,Send Help,2026-01-22,35.2943,7.041,Horror
1084242,Zootopia 2,2025-11-26,72.1824,7.669,Animation
1363387,Saccharine,2026-05-22,20.4659,6.1,Horror
1292415,Beast,2026-04-10,41.4323,6.3,Action
1297842,GOAT,2026-02-11,55.714,8.114,Animation
1318447,Apex,2026-04-24,60.6513,6.82,Action
1198994,Send Help,2026-01-22,35.2943,7.041,Horror
467905,How to Make a Killing,2026-02-16,18.0665,6.979,Comedy
1292415,Beast,2026-04-10,41.4323,6.3,Action
1553969,Sheep in the Box,2026-05-29,5.3893,4.8,Drama
1304313,Lee Cronin's The Mummy,2026-04-15,121.3365,8.027,Horror
1477712,Ice Cream Man,2026-08-05,6.1768,0.0,Horror
1119449,"Good Luck, Have Fun, Don't Die",2026-02-13,21.4975,7.04,Science Fiction
1116201,Iron Lung,2026-01-30,18.8075,6.969,Horror
1214931,Nuremberg,2025-11-06,11.7573,7.578,History
1451344,Husbands in Action,2026-06-15,39.5738,7.484,Comedy
1169516,Welcome to the Jungle,2026-06-25,590.6272,5.5,Action
1084242,Zootopia 2,2025-11-26,72.1824,7.669,Animation
604079,The Long Walk,2025-09-10,13.1047,6.897,Science Fiction
1061474,Superman,2025-07-09,42.8199,7.338,Science Fiction
1358005,Office Romance,2026-06-04,42.2486,6.483,Romance
1480387,undertone,2026-03-12,47.211,6.123,Horror
1363387,Saccharine,2026-05-22,20.4659,6.1,Horror
1318447,Apex,2026-04-24,60.6513,6.82,Action
1433367,One Night Only,2026-08-05,2.6658,0.0,Comedy
1242332,Normal,2026-04-16,17.4389,6.446,Action
1433367,One Night Only,2026-08-05,2.6658,0.0,Comedy
1673179,AEW x NJPW x CMLL x Stardom Present Forbidden Door 2026,2026-06-28,3.2957,8.7,Unknown
1390382,Couture,2026-02-18,11.9889,6.3,Drama
1675177,Chris & Martina: The Final Set,2026-06-10,6.17,8.5,Documentary
1272837,28 Years Later: The Bone Temple,2026-01-14,29.5301,7.115,Horror
1217584,Torrente for President,2026-03-13,64.442,6.148,Comedy
812583,Wake Up Dead Man: A Knives Out Mystery,2025-11-26,11.571,7.208,Thriller
1397485,Girls Like Girls,2026-06-18,16.8675,7.0,Romance
1233413,Sinners,2025-04-16,25.86,7.494,Horror
1722860,Tavvai,2026-06-29,3.5493,0.0,Mystery
1686834,A Castle of Our Own,2026-06-27,5.0276,0.0,Romance
947502,In Waves,2026-07-01,2.5166,0.0,Animation
1515899,Billie Eilish - Hit Me Hard and Soft: The Tour (Live in 3D),2026-05-06,7.5366,7.5,Music
1274706,The Marked Woman,2026-06-05,17.0623,5.46,Thriller
1101383,The End of Oak Street,2026-08-12,10.5736,0.0,Science Fiction
1291608,Dhurandhar,2025-12-05,31.7656,7.277,Action
1204680,Coyote vs ACME,2026-08-21,3.9251,0.0,Comedy
1165366,De Gaulle: Résistance,2026-06-03,9.2705,7.826,History
1170608,Dune: Part Three,2026-12-16,8.8164,0.0,Action
1309400,The Children of the Resistance,2026-02-11,5.6327,6.5,Adventure
1309400,The Children of the Resistance,2026-02-11,5.6327,6.5,Adventure
1265609,War Machine,2026-02-12,34.4318,7.406,Action
1239134,Bhooth Bangla,2026-04-16,126.2138,5.512,Horror
1408208,Exit 8,2025-08-28,18.587,6.868,Horror
1318621,Descendants: Wicked Wonderland,2026-07-16,6.5814,0.0,Fantasy
1397335,Hunting Jessica Brok,2025-08-22,0.9365,6.958,Action
1311031,Demon Slayer: Kimetsu no Yaiba Infinity Castle,2025-07-18,96.921,7.726,Animation
1464883,The President's Cake,2025-12-26,4.9607,7.353,Drama
1339210,Affection,2026-05-08,3.0268,6.2,Horror
1288445,Mutiny,2026-08-19,7.4393,0.0,Action
1582770,Dhurandhar: The Revenge,2026-03-18,60.4453,7.333,Action
1409853,Neglected,2026-05-08,7.0071,7.5,Action
1309083,Dolly,2026-03-06,6.1041,6.116,Horror
1365378,The American Dream,2026-02-18,4.2604,7.4,Comedy
1110034,Kraken,2026-02-06,36.8989,6.386,Horror
1433583,The Weight,2026-09-16,5.8941,0.0,Thriller
426063,Nosferatu,2024-12-25,12.8939,6.714,Horror
1575337,Cosmic Princess Kaguya!,2026-01-22,12.9309,8.4,Animation
1247165,Raja Shivaji,2026-05-01,15.7221,6.125,Action
1101412,Fall 2: Deadpoint,2026-08-13,6.0696,0.0,Thriller
1091862,Black Diamond,2025-01-10,2.0574,5.4,Thriller
1443374,All the Good Eyes,2026-04-25,9.3642,5.0,Drama
1311031,Demon Slayer: Kimetsu no Yaiba Infinity Castle,2025-07-18,96.921,7.726,Animation
1228246,Five Nights at Freddy's 2,2025-12-03,20.1785,6.639,Horror
1240889,Teenage Sex and Death at Camp Miasma,2026-08-06,3.485,0.0,Horror
1367642,Reminders of Him,2026-03-11,12.3676,7.728,Romance
533535,Deadpool & Wolverine,2024-07-24,30.5733,7.574,Action
1560681,Colors of Evil: Black,2026-06-10,20.4877,6.971,Thriller
1335666,Glenrothan,2026-04-17,3.9085,6.0,Drama
426063,Nosferatu,2024-12-25,12.8939,6.714,Horror
1140521,The Magic Faraway Tree,2026-03-26,5.855,6.2,Adventure
1165366,De Gaulle: Résistance,2026-06-03,9.2705,7.826,History
1400272,The Dashed Lines,2026-02-27,1.3639,6.0,Drama
858024,Hamnet,2025-11-26,15.9721,7.733,Drama
798645,The Running Man,2025-11-11,16.4462,6.779,Action
1426940,Above the Line,2025-12-06,3.0414,8.5,Action
1078605,Weapons,2025-08-04,16.3786,7.3,Horror
1401586,Sonic the Hedgehog 4,2027-03-11,8.0968,0.0,Comedy
1359685,El mal,2026-01-16,101.2807,6.0,Thriller
1193501,Whistle,2026-01-20,13.4801,6.327,Horror
912649,Venom: The Last Dance,2024-10-22,20.6092,6.672,Science Fiction
967941,Wicked: For Good,2025-11-19,12.0276,6.622,Fantasy
1236204,Birthrite,2025-08-08,1.4474,4.7,Thriller
1309725,The Richest Woman in the World,2025-10-29,1.2476,6.133,Comedy
1368166,The Housemaid,2025-12-18,51.0855,7.262,Mystery
1723013,Hibla 2,2026-06-30,3.4179,0.0,Drama
1165369,De Gaulle: Liberté,2026-06-26,8.0283,8.154,History
1174334,A Foggy Tale,2025-11-27,4.4823,7.54,Drama
1525703,We're So Dead,2025-11-21,0.9728,0.0,Comedy
1288059,I Want Your Sex,2026-07-29,5.3022,0.0,Drama
696393,Cold Storage,2026-01-22,9.3056,6.774,Horror
1184941,Blue Heron,2026-03-21,5.8405,7.1,Drama
1198984,We Bury the Dead,2026-01-01,10.4261,6.0,Horror
933260,The Substance,2024-09-07,27.7745,7.132,Horror
1062722,Frankenstein,2025-10-17,17.9069,7.634,Drama
1184918,The Wild Robot,2024-09-12,35.0592,8.315,Family
1671548,Dear You,2026-04-30,30.6346,9.186,Drama
1450527,Forbidden Fruits,2026-03-26,6.7895,6.2,Horror
1659389,ONE PIECE HEROINES,2026-07-05,3.0223,0.0,TV Movie
1054867,One Battle After Another,2025-09-23,17.4105,7.346,Thriller
1476682,Gail Daughtry and the Celebrity Sex Pass,2026-07-10,4.9912,0.0,Comedy
911430,F1,2025-06-25,30.7152,7.806,Action
1384216,The Dog Stars,2026-08-26,9.5457,0.0,Adventure
1234821,Jurassic World Rebirth,2025-06-23,33.5129,6.272,Science Fiction
1468683,Heartstopper Forever,2026-07-16,5.9647,0.0,Drama
1225435,Band on the Run,2024-10-24,0.52,6.0,Comedy
1584215,The Internship,2026-01-13,25.3988,6.802,Action
1380316,Is God Is,2026-05-14,7.1884,6.2,Drama
1223601,Sisu: Road to Revenge,2025-10-21,13.4019,7.313,Action
1318435,Queens of the Dead,2025-10-24,2.4811,5.8,Horror
1281331,The Social Reckoning,2026-10-07,3.5874,0.0,Drama
1185806,PAW Patrol: The Dino Movie,2026-07-31,7.8422,0.0,Adventure
1291595,Insidious: Out of the Further,2026-08-19,5.3856,0.0,Horror
1538497,Hexed,2026-11-25,8.4448,0.0,Adventure
1368881,Ladies First,2026-05-21,10.023,6.009,Comedy
1241982,Moana 2,2024-11-21,27.1732,7.006,Adventure
1291659,The Wizard of the Kremlin,2026-01-21,6.6522,6.5,Drama
680493,Return to Silent Hill,2026-01-21,24.259,5.369,Mystery
1693002,The Murder of Rachel Nickell,2026-06-04,1.8506,6.114,Documentary
1293162,Thieves Highway,2026-05-10,10.1213,7.75,Crime
1193501,Whistle,2026-01-20,13.4801,6.327,Horror
1124566,Sentimental Value,2025-08-20,8.3054,7.448,Drama
1380291,Tom Clancy's Jack Ryan: Ghost War,2026-05-20,73.2,7.026,Action
1263337,Heart of the Beast,2026-09-23,9.6285,0.0,Action
1523145,Your Heart Will Be Broken,2026-03-26,208.3014,7.024,Romance
1686875,The Love Heist,2026-06-20,1.1665,4.0,Romance
402431,Wicked,2024-10-16,15.6033,6.908,Drama
1525703,We're So Dead,2025-11-21,0.9728,0.0,Comedy
1559575,Kafir: The Spirit Gate,2026-01-29,8.7637,6.0,Horror
87513,Motor City,2026-07-23,6.1963,0.0,Action
729684,Fox Hunt,2025-04-04,5.0649,5.6,Action
1628448,Maa Behen,2026-06-04,17.2666,6.769,Comedy
1234821,Jurassic World Rebirth,2025-06-23,33.5129,6.272,Science Fiction
1317149,I Swear,2025-09-22,15.9054,8.239,Drama
1391074,Busboys,2026-04-17,3.7422,4.3,Comedy
1491621,Bare Skin,2025-05-31,3.1706,3.667,Horror
1368830,Chers parents,2026-02-25,5.7841,6.438,Comedy
696393,Cold Storage,2026-01-22,9.3056,6.774,Horror
421892,Shrek 5,2027-06-30,9.1184,0.0,Animation
1655554,The Turtle Film,2026-01-01,0.0795,0.0,Unknown
1236153,Mercy,2026-01-19,18.2941,7.066,Science Fiction
858035,Klara and the Sun,2026-10-21,5.858,0.0,Science Fiction
1443961,Rao Bahadur,2026-07-02,2.26,0.0,Fantasy
1285959,The Passenger,2026-06-05,4.9973,5.477,Thriller
1594694,Lydia and the Mist Rider,2026-02-20,4.3521,7.0,Animation
1239193,Deep Cover,2025-06-12,6.064,6.699,Action
1114967,Good Fortune,2025-10-14,4.5862,6.906,Comedy
1359005,Per Aspera Ad Astra,2026-02-17,6.8959,7.9,Drama
1698856,Master of the Universe,2026-05-22,3.5889,4.5,Adventure
1102883,Mother Mary,2026-04-16,7.7005,5.687,Music
1724097,庄蹻演义,2026-07-01,0.0,0.0,Unknown
1144107,The Legend of Hei 2,2025-07-18,14.8936,8.5,Animation
1283515,Verity,2026-09-30,4.4295,0.0,Mystery
1632334,Kraken. El libro negro de las horas,2026-03-13,5.8746,5.2,Crime
1337592,Erupcja,2026-04-17,1.9524,6.077,Drama
1558796,Never Change!,2026-06-09,10.0545,6.423,Comedy
1671548,Dear You,2026-04-30,30.6346,9.186,Drama
1369286,What is Love?,2026-05-06,0.6563,6.2,Comedy
939243,Sonic the Hedgehog 3,2024-12-19,23.0287,7.6,Action
933260,The Substance,2024-09-07,27.7745,7.132,Horror
1102883,Mother Mary,2026-04-16,7.7005,5.687,Music
1724097,庄蹻演义,2026-07-01,0.0,0.0,Unknown
1144107,The Legend of Hei 2,2025-07-18,14.8936,8.5,Animation
1283515,Verity,2026-09-30,4.4295,0.0,Mystery
1632334,Kraken. El libro negro de las horas,2026-03-13,5.8746,5.2,Crime
1558796,Never Change!,2026-06-09,10.0545,6.423,Comedy
1369286,What is Love?,2026-05-06,0.6563,6.2,Comedy
939243,Sonic the Hedgehog 3,2024-12-19,23.0287,7.6,Action
1542261,Doraemon the Movie: New Nobita and the Castle of the Undersea Devil,2026-02-27,9.9797,7.5,Animation
1035048,Elevation,2024-11-07,9.6892,6.4,Action
1038392,The Conjuring: Last Rites,2025-09-03,30.1764,6.937,Horror
1662350,Midnight Elevator,2026-04-04,3.4115,3.0,Thriller
1706919,The Ghost in the Shell,2026-06-26,1.4856,7.0,Animation
1061798,Jim Queen,2026-06-17,6.5569,8.061,Animation
1710107,Diary of Evil Deeds,2026-06-30,0.4811,0.0,Comedy
1226834,This Tempting Madness,2026-06-12,2.6023,7.0,Thriller
1705729,Man of War,2026-07-03,1.8436,0.0,Action
1291335,Solo Mio,2026-02-05,8.4559,7.245,Romance
1609125,The Butcher's Blade,2026-01-08,2.2828,6.6,Action
1510767,Athiradi,2026-05-14,14.487,6.591,Comedy
1456349,It Was Just an Accident,2025-10-01,5.2061,7.1,Drama
898704,Desert Warrior,2026-04-23,6.7097,5.717,History
1214684,Kiss of the Spider Woman,2025-10-09,5.8527,6.1,Romance
1556616,Summer House,2026-06-06,24.2711,7.6,Romance
1084187,Pretty Lethal,2026-03-13,58.7221,6.759,Action
541671,Ballerina,2025-06-04,21.1657,7.3,Action
840705,Blink Twice,2024-08-21,8.37,6.686,Mystery
1219548,The Physician II,2025-12-25,4.2391,6.403,Adventure
803796,KPop Demon Hunters,2025-06-20,39.8739,8.021,Fantasy
1572007,Cards & Cognac,2025-11-20,1.03,0.0,Drama
1192730,The Mother and the Bear,2026-01-02,0.5095,0.0,Comedy
1400357,The Christophers,2026-03-30,4.6818,6.8,Crime
445466,Idiots,2026-08-27,4.8854,0.0,Comedy
1604133,Crossing,2026-06-26,3.3651,4.7,History
1699155,Maternal Instinct,2026-06-11,27.2841,7.112,Documentary
1083884,Signal One,2026-06-05,38.7485,6.7,Mystery
558449,Gladiator II,2024-11-13,12.2803,6.6,Action
1156593,Your Fault,2024-12-26,27.674,7.084,Drama
701387,Bugonia,2025-10-23,12.6189,7.313,Science Fiction
1107166,Psycho Killer,2026-02-19,7.2762,6.438,Crime
1218925,Chainsaw Man - The Movie: Reze Arc,2025-09-19,29.4321,8.4,Animation
1353926,Keep Real,2026-07-03,1.1605,0.0,Drama
1167307,David,2025-12-14,31.5436,8.029,Animation
1278853,Woodwalkers 2,2026-01-29,3.6975,6.8,Fantasy
1255833,Whalefall,2026-10-14,2.2471,0.0,Thriller
1187326,Tad and The Magic Lamp,2026-08-26,2.5142,0.0,Animation
1422562,The Moment,2026-01-30,4.0639,6.4,Music
939243,Sonic the Hedgehog 3,2024-12-19,23.0287,7.6,Action
1038392,The Conjuring: Last Rites,2025-09-03,30.1764,6.937,Horror
533533,TRON: Ares,2025-10-08,17.1965,6.494,Science Fiction
1284493,Haunted Minds,2025-09-17,1.2471,5.294,Drama
1444084,Narcisa's Will,2026-07-09,0.7749,0.0,Horror
1022787,Elio,2025-06-18,15.1837,6.906,Animation
497582,Enola Holmes,2020-09-22,9.4771,7.221,Adventure
1035048,Elevation,2024-11-07,9.6892,6.4,Action
1582261,Lonely City,2025-11-08,0.0699,0.0,Drama
1294203,My Fault: London,2025-02-12,32.0699,7.382,Drama
1079314,On the Edge,2025-08-13,1.4723,6.8,Drama
1396640,Once Upon a Time in a Cinema,2026-05-01,3.4995,10.0,Drama
1367933,The Second Child,2026-07-01,1.0401,0.0,Horror
1035259,The Naked Gun,2025-07-30,12.5582,6.372,Comedy
1022787,Elio,2025-06-18,15.1837,6.906,Animation
1588846,Ekis,2025-12-19,10.5788,6.2,Drama
1582261,Lonely City,2025-11-08,0.0699,0.0,Drama
1125899,Cleaner,2025-02-19,11.1632,6.476,Action
1079314,On the Edge,2025-08-13,1.4723,6.8,Drama
696506,Mickey 17,2025-02-28,12.4953,6.837,Science Fiction
1396640,Once Upon a Time in a Cinema,2026-05-01,3.4995,10.0,Drama
1422404,Tokyo Taxi,2025-11-21,2.8375,7.647,Drama
1367933,The Second Child,2026-07-01,1.0401,0.0,Horror
1371185,Song Sung Blue,2025-12-15,6.1871,7.39,Music
912378,Dridam,2026-05-08,21.0716,4.8,Crime
1100782,Smile 2,2024-10-16,9.8582,6.59,Horror
829280,Enola Holmes 2,2022-11-03,8.0555,7.401,Adventure
1160360,If I Had Legs I'd Kick You,2025-10-10,3.7708,6.322,Drama
980477,Ne Zha 2,2025-01-29,30.7754,8.156,Animation
1698856,Master of the Universe,2026-05-22,3.5889,4.5,Adventure
1699970,The Welcome Table,2026-06-23,6.4273,1.0,Documentary
875828,Peaky Blinders: The Immortal Man,2026-03-05,18.2951,7.24,Crime
1396749,Wild Sing,2026-06-03,2.1252,4.0,Comedy
822119,Captain America: Brave New World,2025-02-12,13.8186,5.967,Action
1501018,A Family of Bastards,2026-06-12,9.1159,5.365,Comedy
1103473,KD – The Devil,2026-04-30,69.0746,7.5,History
1422404,Tokyo Taxi,2025-11-21,2.8375,7.647,Drama
1476614,All of a Sudden,2026-06-19,3.0549,10.0,Drama
1057265,Peddi,2026-06-03,80.6361,6.1,Action
1478117,Pickleball Pete,2026-05-22,3.1952,6.0,Comedy
1208348,Rental Family,2025-11-20,4.7937,7.736,Comedy
1286491,Jimpa,2026-02-06,1.7279,8.125,Drama
1293167,Exit Protocol,2025-11-07,4.2309,7.1,Action
1419406,The Shadow's Edge,2025-08-16,79.5151,7.844,Action
1310677,Hana Korea,2026-07-08,4.1555,0.0,Drama
1327862,Regretting You,2025-10-22,11.7595,7.015,Romance
1177767,Mile End Kicks,2026-04-17,3.3415,5.6,Comedy
1686823,The Greek Aisle,2026-06-06,0.7618,9.5,Romance
1315303,Primate,2026-01-01,13.2441,6.53,Horror
1532395,All Greens,2026-01-16,1.312,7.2,Comedy
1437703,Flies,2026-07-01,4.796,0.0,Drama
1197137,Black Phone 2,2025-10-15,13.6842,6.69,Horror
1306368,The Rip,2026-01-13,21.3175,7.085,Action
1532395,All Greens,2026-01-16,1.312,7.2,Comedy
1437703,Flies,2026-07-01,4.796,0.0,Drama
1197137,Black Phone 2,2025-10-15,13.6842,6.69,Horror
1306368,The Rip,2026-01-13,21.3175,7.085,Action
1091862,Black Diamond,2025-01-10,2.0574,5.4,Thriller
1125257,Freakier Friday,2025-08-06,39.6022,6.8,Comedy
1316427,7 Dogs,2026-05-27,18.9842,5.857,Action
1305672,I Know Who You Are,2026-06-19,10.002,5.8,Drama
829280,Enola Holmes 2,2022-11-03,8.0555,7.401,Adventure
1280015,Sunny Dancer,2026-08-13,1.9158,0.0,Drama
1168719,Silent Friend,2026-01-15,4.8203,7.1,Drama
1330021,Remarkably Bright Creatures,2026-05-07,25.942,8.573,Drama
987470,The Woman in the White Car,2025-10-29,1.6563,6.1,Thriller
1218925,Chainsaw Man - The Movie: Reze Arc,2025-09-19,29.4321,8.4,Animation
1294203,My Fault: London,2025-02-12,32.0699,7.382,Drama
648878,Eddington,2025-07-16,5.6823,6.448,Western
552524,Lilo & Stitch,2025-05-17,19.6183,7.204,Family
1721842,Outrem,2026-07-07,1.393,0.0,Drama
1341138,Spa Weekend,2026-08-20,2.1423,0.0,Comedy
1497970,Tom and Jerry: Forbidden Compass,2025-08-02,9.717,6.5,Animation
1307373,Wasteman,2026-02-20,7.5207,7.212,Crime
829280,Enola Holmes 2,2022-11-03,8.0555,7.401,Adventure
1723967,The Leaching,2026-07-07,0.0,0.0,Horror
1396674,Dog Day Evening,2026-06-13,1.2284,7.833,Drama
574475,Final Destination Bloodlines,2025-05-14,19.2488,7.039,Horror
1362262,CAMP,2026-06-26,3.2841,0.0,Horror
1284041,The Last House,2026-08-07,3.7833,0.0,Horror
718821,Twisters,2024-07-10,7.5866,6.8,Action
1256189,Un Château en Espagne,2026-01-10,1.602,0.0,Drama
1587964,They Fight,2026-06-08,1.4743,1.0,Drama
1714130,Toy Story 5: Zhuazhou,2026-06-05,2.4993,7.0,Animation
1613798,Vengeance,2026-02-26,42.2578,7.521,Action
1175942,The Bad Guys 2,2025-07-24,18.0229,7.646,Family
1500890,Lockbox,2026-07-03,2.8942,0.0,Horror
1235746,Dead of Winter,2025-09-23,7.4833,6.364,Thriller
1548749,Still Hope,2026-02-05,2.1328,7.3,Drama
1137350,The Phoenician Scheme,2025-05-23,6.3158,6.492,Comedy
1716513,Extreme Makeover: Homer Edition,2026-06-17,4.5939,7.5,Animation
1130948,Rosebush Pruning,2026-04-23,6.6402,7.4,Comedy
1437198,Tafiti: Across the Desert,2025-09-04,0.9971,7.2,Animation
1714130,Toy Story 5: Zhuazhou,2026-06-05,2.4993,7.0,Animation
1613798,Vengeance,2026-02-26,42.2578,7.521,Action
1500890,Lockbox,2026-07-03,2.8942,0.0,Horror
1235746,Dead of Winter,2025-09-23,7.4833,6.364,Thriller
1548749,Still Hope,2026-02-05,2.1328,7.3,Drama
1137350,The Phoenician Scheme,2025-05-23,6.3158,6.492,Comedy
1187326,Tad and The Magic Lamp,2026-08-26,2.5142,0.0,Animation
1716513,Extreme Makeover: Homer Edition,2026-06-17,4.5939,7.5,Animation
1130948,Rosebush Pruning,2026-04-23,6.6402,7.4,Comedy
1259983,Guru,2026-01-28,2.6349,6.071,Drama
1325866,Escape from the Outland,2025-12-24,2.197,6.8,Drama
1020829,Wild Foxes,2026-03-18,2.7305,6.3,Drama
1371151,Off the Grid,2025-06-27,6.9564,6.275,Action
1418582,Here The Whole Time,2026-06-18,1.1647,8.333,Comedy
1461254,Salmokji: Whispering Water,2026-04-08,5.8882,7.0,Horror
1367220,Karuppu,2026-05-14,74.5123,6.6,Action
1363123,The Family Plan 2,2025-11-11,9.3384,6.534,Action
1086260,The Astronaut,2025-09-26,5.6657,6.112,Horror
1339876,Mardaani 3,2026-01-30,9.5934,7.4,Action
1141970,Morte Cucina,2026-07-02,1.1888,0.0,Thriller
964849,Nightborn,2026-07-01,3.3717,0.0,Horror
989246,The Songbirds' Secret,2025-10-22,1.1683,5.5,Animation
1213243,Toxic,2026-08-26,4.4063,0.0,Action
350,The Devil Wears Prada,2006-06-29,58.2797,7.437,Drama
1303357,Silent Rebellion,2026-01-29,1.9894,6.9,Drama
1337055,Perfectly Imperfect,,0.5629,0.0,Comedy
1084577,Balls Up,2026-04-15,22.5565,5.869,Comedy
1536559,Double Happiness,2026-02-17,3.5903,6.4,Drama
1235304,Colours of Time,2025-05-22,1.755,7.4,Drama
1705584,Anatomia do Caos,2026-07-02,0.4733,0.0,Documentary
1341138,Spa Weekend,2026-08-20,2.1423,0.0,Comedy
1723007,锦鲤人间之如愿以偿,2026-06-29,0.2136,0.0,Animation
1259102,Eternity,2025-11-10,8.5843,7.075,Romance
617126,The Fantastic 4: First Steps,2025-07-23,22.0681,6.959,Science Fiction
1412598,Killer Whale,2026-01-16,7.2335,5.637,Thriller
1151031,Bring Her Back,2025-05-19,10.5224,7.3,Horror
1034716,People We Meet on Vacation,2026-01-06,7.5222,6.941,Comedy
1159206,Father Mother Sister Brother,2025-12-01,3.7965,6.395,Comedy
1384758,Ice Age: Boiling Point,2027-02-03,6.982,0.0,Adventure
1215638,Checkered Ninja 3,2026-01-01,3.2899,7.2,Animation
1545621,Detective Conan: Fallen Angel of the Highway,2026-04-10,20.397,8.0,Animation
1391239,The Debut,2026-12-03,5.4004,0.0,Music
1598206,No Baby on Board,2025-10-01,0.4488,0.0,Unknown
845781,Red One,2024-10-31,10.3497,6.982,Action
696506,Mickey 17,2025-02-28,12.4953,6.837,Science Fiction
1034541,Terrifier 3,2024-10-09,12.8391,6.786,Horror
698687,Transformers One,2024-09-11,9.6072,7.969,Animation
1135303,The Senior,2025-09-18,2.2127,6.8,Drama
1432474,Nimrods,2026-08-14,2.8983,0.0,Comedy
1242898,Predator: Badlands,2025-11-05,44.999,7.813,Action
1291375,Virginia Woolf's Night & Day,2026-06-19,3.3637,6.0,Comedy
1708177,TNA Slammiversary 2026,2026-06-28,1.0076,7.5,Unknown
1000850,Where the Wind Comes From,2025-09-04,0.7692,7.7,Drama
1705946,Never Shut Up,2026-06-26,0.1458,0.0,Documentary
1496491,Comédie-Française,2026-07-22,1.5133,0.0,Comedy
1125701,Midwinter Break,2026-02-20,2.5816,6.6,Drama
1010755,The Strangers: Chapter 3,2026-02-05,20.1139,5.86,Horror
1401778,Turbulence,2025-11-26,6.632,6.6,Thriller
1715492,Shipwrecked: Nightmare at Sea,2026-07-10,0.8942,0.0,Documentary
1621972,The Harpsichordist,2026-06-21,0.1739,0.0,Documentary
1000850,Where the Wind Comes From,2025-09-04,0.7692,7.7,Drama
1705946,Never Shut Up,2026-06-26,0.1458,0.0,Documentary
1496491,Comédie-Française,2026-07-22,1.5133,0.0,Comedy
1125701,Midwinter Break,2026-02-20,2.5816,6.6,Drama
1010755,The Strangers: Chapter 3,2026-02-05,20.1139,5.86,Horror
1401778,Turbulence,2025-11-26,6.632,6.6,Thriller
1715492,Shipwrecked: Nightmare at Sea,2026-07-10,0.8942,0.0,Documentary
1621972,The Harpsichordist,2026-06-21,0.1739,0.0,Documentary
1354518,100 Nights of Hero,2025-12-05,1.4391,6.0,Fantasy
1582328,Love At Last,2026-03-27,2.1197,4.6,Comedy
1064213,Anora,2024-10-14,13.5505,7.072,Drama
1272586,Battle of Oslo,2025-09-26,5.3602,6.7,War
1290792,One Spoon of Chocolate,2026-05-01,2.5054,4.813,Action
1126723,Mr. X,2026-04-17,5.1573,5.3,Action
1571891,Nobody Loves Kay,2026-06-04,2.3751,6.5,Drama
1352624,The Mastermind,2025-10-16,2.7873,5.8,Drama
1207123,White Snake: Afloat,2024-07-30,3.7632,8.0,Animation
1158996,Souleymane's Story,2024-10-09,1.7497,7.5,Drama
1388338,Girlfriends,2025-12-18,4.3646,5.5,Romance
1358280,Taboo: Family Secrets,2024-10-22,10.6104,5.2,Romance
1401542,Project Y,2026-01-21,3.1844,6.0,Crime
1195631,William Tell,2025-01-17,3.2147,6.2,Action
1429348,The Stranger,2025-10-29,2.874,6.756,Drama
1083433,I Know What You Did Last Summer,2025-07-16,7.4542,5.657,Horror
1423191,Resident Evil,2026-09-09,5.5966,0.0,Horror
799882,The Bluff,2026-02-17,5.4349,6.818,Drama
1174145,钟馗,2026-05-30,2.089,6.0,Animation
1431068,Main Vaapas Aaunga,2026-06-10,43.0671,6.5,Romance
1540365,Hippo's Revenge,2025-09-05,0.878,1.0,Horror
1624564,Libang Libu,2026-04-23,3.1153,8.5,Comedy
1437696,Fatherland,2026-06-19,4.6877,7.0,Drama
1226699,The Wrong Girls,2026-08-14,1.7442,0.0,Comedy
1251900,The Shrine,2026-02-06,5.1159,0.0,Horror
959646,Zombie Land Saga: Yumeginga Paradise,2025-10-24,2.9377,7.5,Animation
1331349,Two Pianos,2025-10-15,1.5554,5.036,Drama
1233506,The Shrinking Man,2025-10-22,8.4562,6.024,Adventure
1400756,"Mad Bills to Pay (or Destiny, dile que no soy malo)",2026-04-17,0.9874,6.0,Drama
1422120,Mermaid,2026-04-08,2.8035,5.7,Drama
1049471,Outcome,2026-04-06,8.1819,5.42,Comedy
1512084,Baby Do Die Do,2026-07-03,1.0676,0.0,Mystery
